date,QQQ,QQQcumPct,IVV,IVVcumPct,TLT,TLTcumPct,VSMCX,VSMCXcumPct,XLP,XLPcumPct,XLE,XLEcumPct,XLI,XLIcumPct,XLV,XLVcumPct,XLF,XLFcumPct,P1,P1cumPct,P2,P2cumPct,P3,P3cumPct,P4,P4cumPct
2004.02,-0.01348779,-1.348779,0.01258722,1.258722,0.01861241,1.861241,0.0103491,1.03491,0.05693276,5.693276,0.05253862,5.253862,-0.007399248,-0.7399248,0.01065238,1.065238,0.02857198,2.857198,0.01448076,1.448076,0.01881749,1.881749,-0.0004502846,-0.04502846,0.05473569,5.473569
2004.03,-0.01996199,-3.318054,-0.01573378,-0.3344606,0.01420979,3.308668,0.01344438,2.393262,-0.006082385,5.050409,-0.01045583,4.153346,-0.01565443,-2.293784,-0.04407544,-3.389257,-0.01606411,1.204888,0.01382708,2.850807,-0.01115264,0.7454984,-0.01784789,-1.829013,-0.008269105,4.601397
2004.04,-0.02985455,-6.20445,-0.01528749,-1.858096,-0.06223065,-3.120297,-0.02969086,-0.6468823,0.01678569,6.813752,0.02136254,6.378326,0.003095959,-1.99129,0.0336452,-0.1387689,-0.03921107,-2.763464,-0.04596075,-1.876294,-0.01126503,-0.3894023,-0.02257102,-4.044833,0.01907411,6.596576
2004.05,0.05119332,-1.402745,0.01674014,-0.2151873,-0.002580288,-3.370275,-0.02018217,-2.652043,-0.005608584,6.214678,-0.003016465,6.057439,0.02462142,0.4218243,-0.003240545,-0.4623738,0.01706905,-1.103729,-0.01138123,-2.993062,0.008332876,0.4406404,0.03396673,-0.7855497,-0.004312524,6.136875
2004.06,0.03255857,1.807441,0.01416322,1.198087,0.01054481,-2.351333,0.03986734,1.22896,0.001735551,6.399019,0.0581522,12.22491,0.05951965,6.398896,-0.006501437,-1.109511,-0.0006993095,-1.172888,0.02520607,-0.5478982,0.02326007,2.776896,0.0233609,1.532189,0.02994387,9.315025
2004.07,-0.07551729,-5.880781,-0.02788814,-1.624139,0.01517051,-0.8699526,-0.03386624,-2.199284,-0.04581235,1.52463,0.03491842,16.14363,-0.02588987,3.644243,-0.05102899,-6.155793,-0.01632687,-2.786426,-0.009347862,-1.477563,-0.02513787,0.1933044,-0.05170271,-3.717301,-0.005446962,8.71959
2004.08,-0.02493513,-8.227655,0.001982213,-1.429137,0.04177767,3.27147,0.001323006,-2.069893,0.0177676,3.32848,-0.01540832,14.35405,0.0007180706,3.718667,0.01625152,-4.630683,0.03253508,0.3764255,0.02155034,0.6456292,0.008001302,0.9949812,-0.01147646,-4.822285,0.001179643,8.84784
2004.09,0.03292124,-5.206396,0.005395812,-0.8972675,0.009407935,4.243041,0.03830909,1.68172,-0.03043898,0.1832656,0.09327025,25.01988,0.0179339,5.578747,-0.02041448,-6.577598,-0.01454324,-1.083373,0.02385851,3.046884,0.01464906,2.474462,0.01915853,-2.99882,0.03141563,12.26736
2004.10,0.05008529,-0.4586305,0.01673611,0.7613265,0.01754059,6.071526,0,1.68172,0.01072102,1.257332,0.010023,26.27296,0.01375456,7.030936,-0.01930643,-8.381251,0.01071722,-0.02326214,0.008770296,3.950636,0.01225237,3.730018,0.0334107,0.242057,0.01037201,13.4318
2004.11,0.06016304,5.530081,0.04434586,5.229675,-0.02395911,3.530146,0.07951652,9.767096,0.02477059,3.765536,0.06744474,34.7894,0.06278338,13.7507,0.0195382,-6.591186,0.03110784,3.086798,0.0277787,6.838249,0.04063456,7.945042,0.05225445,5.480151,0.04610767,18.66188
2004.12,0.02044991,7.688162,0.02351532,7.704184,0.0227039,5.880684,-0.006482284,9.055555,0.03312409,7.202676,-0.03172463,30.51326,0.01969151,15.99062,0.05191625,-1.74175,0.03491543,6.686118,0.008110807,7.704794,0.01867883,9.961329,0.02198261,7.79888,0.0006997296,18.74491
2005.01,-0.05415288,1.856537,-0.01556924,6.027312,0.04389196,10.528,0.005945635,9.703959,0.01587654,8.904684,0.03762166,35.42339,-0.02310293,13.3109,-0.0281632,-4.509016,-0.01554056,5.028156,0.0249188,10.38867,-0.003688112,9.555779,-0.03486106,4.040897,0.0267491,21.92123
2005.02,-0.004813254,1.366276,0.02079642,8.2323,-0.01842843,8.491137,0.03420818,13.45673,-0.001284883,8.764754,0.1677762,58.14421,0.0115895,14.62412,0.03008573,-1.636101,-0.006695131,4.324979,0.007889873,11.25962,0.02591493,12.39491,0.007991582,4.872348,0.08324566,32.07064
2005.03,-0.01746389,-0.4039735,-0.02426541,5.605999,-0.003917221,8.066154,-0.02244533,10.91016,-0.01286445,7.365555,-0.0223489,54.60986,-0.003927891,14.17389,-0.008961134,-2.517553,-0.04314158,-0.1757655,-0.01318127,9.793077,-0.01770398,10.40507,-0.02086465,2.684224,-0.01760668,29.74532
2005.04,-0.04347809,-4.734219,-0.01177248,4.362754,0.03806691,12.1799,-0.05317212,5.01283,-0.006313918,6.687657,-0.0509676,46.72976,-0.03310159,10.39455,0.038359,1.221777,0.007093915,0.5323791,-0.007552602,8.963853,-0.01280955,8.990833,-0.02762529,-0.1524576,-0.02864076,26.02931
2005.05,0.08862228,3.708452,0.03146019,7.646026,0.03150365,15.71397,0.04211863,9.435826,0.02326594,9.169846,0.02786698,50.81868,0.0317191,13.89616,0.01262153,2.49935,0.02953591,3.501695,0.03681114,12.97494,0.03541269,12.85049,0.06004123,5.842512,0.02556646,29.25144
2005.06,-0.03413842,0.1680097,-0.001927088,7.438582,0.02154187,18.20667,0.06184959,16.20439,-0.02402353,6.547201,0.06645885,60.84191,-0.02876076,10.62042,-0.008309445,1.647638,0.006489338,4.173352,0.04169573,17.68551,0.006575601,13.59255,-0.01803275,3.93388,0.02121766,31.99385
2005.07,0.07712264,7.893231,0.04184518,11.93437,-0.03357563,14.23781,0.0478658,21.7666,0.0370616,10.49601,0.0742129,72.77846,0.04070674,15.12342,0.02567465,4.257405,0.02163893,6.427552,0.007145087,18.52638,0.03695031,17.78983,0.05948391,10.11627,0.05563725,39.33762
2005.08,-0.0151593,6.257645,-0.009701219,10.84847,0.03448321,18.17709,-0.01045648,20.49335,-0.01746101,8.566639,0.06386568,83.81307,-0.02360646,12.40576,-0.003466917,3.895954,-0.01637123,4.685203,0.01201336,19.95028,0.0002362519,17.81766,-0.01243026,8.7475,0.02320233,42.57058
2005.09,0.01231366,7.566065,0.004081753,11.30093,-0.03591099,13.93324,0,20.49335,0.009102345,9.55485,0.05983425,94.81139,0.01276037,13.8401,-0.008538687,3.008819,0.00271691,4.969623,-0.01795549,17.79652,0.006262179,18.55545,0.008197706,9.63898,0.0344683,47.48475
2005.10,-0.01495174,5.957766,-0.0174044,9.363799,-0.02284644,11.33027,-0.03948795,15.73532,0.0002479052,9.582009,-0.08776694,77.71339,-0.01036745,12.65987,-0.0276915,0.1563494,0.03649018,8.799983,-0.0311672,14.12513,-0.02041982,16.13457,-0.01617807,7.865232,-0.04375952,41.03089
2005.11,0.06097327,12.41836,0.04162477,13.91604,0.00640094,12.04289,0.04053263,20.42637,0.009063453,10.5752,0.0149531,80.37076,0.05819056,19.21561,0.01217507,1.37576,0.04766643,13.98609,0.02346678,16.80328,0.0323978,19.89708,0.05129902,13.39861,0.01200827,42.72442
2005.12,-0.0201267,10.15575,-0.005583392,13.28,0.0256463,14.91637,-0.1330001,4.409658,-0.003849113,10.14958,0.01533852,83.13738,-0.001271542,19.06402,0.03120973,4.539671,-0.006275731,13.27074,-0.05367688,10.53364,-0.01087911,18.59271,-0.01285505,11.94087,0.005744704,43.54433
2006.01,0.04185402,14.76621,0.0288578,16.54902,-0.004971936,14.34501,0.266835,32.26981,0.006764,10.89464,0.1490934,110.442,0.008890533,20.12257,0.01625647,6.239117,0.01541896,15.01726,0.1309316,25.00598,0.05877759,25.5633,0.03535591,15.89864,0.07792871,54.73056
2006.02,-0.02142863,12.30692,0.005323121,17.16942,0.007499252,15.20252,-0.004810614,31.63352,0.008571991,11.84522,-0.09226504,91.02552,0.03110125,23.85853,0.01151561,7.462525,0.02128291,17.46516,0.001344319,25.17403,-0.003690018,25.09997,-0.008052757,14.96534,-0.04184652,48.25562
2006.03,0.02019517,14.57498,0.0116011,18.52871,-0.04566336,9.941982,0.04712994,37.8374,0.002975247,12.17799,0.0393579,98.54388,0.04031979,28.85248,-0.01599972,5.743155,-0.002451724,17.17717,0.0007332915,25.26582,0.01082937,26.45472,0.01589814,16.79307,0.02116657,51.39368
2006.04,-0.001208326,14.43654,0.01695514,20.53838,-0.02778992,6.886703,0.01384891,39.74629,0.01505266,13.86657,0.05348027,109.1621,0.02543653,32.13004,-0.02778099,2.805505,0.04891404,22.90878,-0.006970508,24.39265,0.01298981,28.09735,0.007873406,17.71263,0.03426647,56.58141
2006.05,-0.07240118,6.151198,-0.02925563,17.01196,-0.002055007,6.66705,-0.01992057,36.96247,0.00209877,14.10555,-0.02782688,103.3417,-0.0170864,29.87241,-0.02097433,0.6492287,-0.0376916,18.27615,-0.01098779,23.02585,-0.02501254,24.89331,-0.05082841,11.72948,-0.01286405,54.56714
2006.06,-0.00128821,6.014453,-0.001565898,16.82873,0.01173668,7.918968,-0.02206724,33.94008,0.01298139,15.5868,0.02160232,107.7344,-0.003830733,29.37491,-0.00329604,0.3174848,-0.01040405,17.0456,-0.005165281,22.39039,0.0004298021,24.94698,-0.001427054,11.57004,0.01729185,57.23989
2006.07,-0.04243082,1.516173,0.008170669,17.7833,0.0217242,10.26342,0.002375312,34.25823,0.02114628,18.03103,0.03730371,115.4837,-0.05437752,22.33982,0.05842069,6.178101,0.02885505,20.42296,0.01204976,23.86517,0.009020841,26.07411,-0.01713008,9.658838,0.02922499,61.83523
2006.08,0.0477096,6.359469,0.02202232,20.37716,0.03045068,13.62102,0.03021306,38.31458,0.03866508,22.5947,-0.0508096,104.535,0.01128873,23.72088,0.02853556,9.207952,0.0117895,21.84268,0.03033187,27.62223,0.01887388,28.45362,0.03486596,13.4822,-0.006072261,60.85252
2006.09,0.04579332,11.23002,0.02200691,23.02629,0.01916068,15.79807,-0.001724748,38.07603,-0.005486095,21.92214,-0.0398779,96.37859,0.03379836,27.90244,0.01189018,10.50645,0.03435946,26.02913,0.008717967,28.73483,0.01332446,30.1652,0.03390012,17.32926,-0.022682,57.20406
2006.10,0.04808151,16.57813,0.03684908,27.55969,0.008481824,16.78025,0.05126695,45.15476,0.02282911,24.70551,0.04622829,105.4568,0.03255177,32.06589,0.006740869,11.25136,0.0292281,29.71272,0.02987439,32.58071,0.03136194,34.24743,0.04246529,22.31168,0.0345287,62.63212
2006.11,0.03428814,20.57538,0.01963158,30.06389,0.02320312,19.48992,0.04383591,51.51775,-0.00851717,23.64337,0.0857703,123.0789,0.02450431,35.30208,-0.001201247,11.11772,0.007056476,30.62804,0.03351951,37.02475,0.02539682,37.65689,0.02695986,25.60919,0.03862656,68.91404
2006.12,-0.01998145,18.16611,0.008881043,31.21899,-0.03014361,15.88806,-0.1700789,25.74779,0.01991415,26.10563,-0.03106882,116.1481,-0.003132142,34.87829,0.006915456,11.88615,0.02970865,34.50882,-0.1001112,23.30703,-0.0209984,34.76631,-0.005550205,24.91203,-0.005577338,67.97195
2007.01,0.02232884,20.80462,0.01933664,33.75633,-0.002867563,15.55574,0.23612,55.43935,0.02546692,29.31715,-0.00624898,114.7974,0.02910361,38.80374,0.03407646,15.69884,0.01702202,36.79843,0.1166262,37.68786,0.0415931,40.37166,0.02083274,27.51429,0.00960897,69.58598
2007.02,-0.01679218,18.77605,-0.01895455,31.22104,0.02969726,18.98743,-0.009398195,53.9785,-0.01538497,27.32761,-0.02048583,110.3971,-0.01119187,37.25026,-0.02318162,13.01675,-0.03047493,32.62951,0.01014953,39.08533,-0.01290743,38.55982,-0.01787337,25.23518,-0.0179354,66.54439
2007.03,0.004616333,19.32436,0.007360185,32.18685,-0.01675629,16.99364,0.03605319,59.52992,0.01562536,29.31715,0.05940228,122.8952,0.005942202,38.06583,-0.001779586,12.81563,-0.008900728,31.44901,0.009648447,40.42729,0.01128477,40.12344,0.005988259,25.98512,0.03751382,72.79211
2007.04,0.05648837,26.06479,0.04778976,38.50403,0.009162736,18.06563,0.02747254,63.91261,0.033244,33.61617,0.05470966,135.0897,0.04867798,44.7866,0.07711748,21.51569,0.04310433,37.11503,0.01831764,42.99958,0.04419632,46.31638,0.05213907,32.55387,0.04397683,80.39096
2007.05,0.03154918,30.04203,0.03414622,43.23342,-0.02309699,15.33867,0.03624516,69.85365,0.01350331,35.42043,0.07779744,153.3791,0.05188162,52.29836,0.0171697,23.60207,0.02404776,40.41234,0.006574084,43.93968,0.02924927,50.59603,0.0328477,36.90796,0.04565038,88.62587
2007.06,0.004007527,30.56318,-0.01979803,40.39768,-0.0103938,14.13986,0.0005731481,69.951,-0.02592715,31.90936,0.01010164,155.9386,-0.002299936,51.94809,-0.0386604,18.82357,-0.04538265,34.04006,-0.004910326,43.23288,-0.01419774,48.4579,-0.007895252,35.82703,-0.007912757,87.13332
2007.07,-0.0006898155,30.47312,-0.02760499,36.522,0.0332787,17.93828,-0.05386809,60.79606,-0.02248015,28.94402,0.003049392,156.7191,0.01207761,53.78326,-0.04244351,13.78028,-0.08568669,22.55461,-0.01029469,41.75835,-0.02048528,45.4167,-0.01414741,33.90543,-0.00971538,85.31525
2007.08,0.02819266,34.1515,0.0131083,38.31157,0.0178128,20.0391,-0.001817202,60.50386,0.02359205,31.98607,0.0120298,159.8074,0.0002536123,53.82226,0.02289576,16.38536,0.02583589,25.72092,0.007997798,42.8921,0.01576707,47.7095,0.02065048,36.67064,0.01781092,88.61589
2007.09,0.05197481,41.124,0.03624208,43.32427,0.002097821,20.29092,0.01699022,63.23086,0.04014851,37.28512,0.07117242,178.2985,0.04211067,60.29982,0.02761649,19.59952,0.0168888,27.84419,0.00954402,44.25587,0.03391576,52.71918,0.04410845,42.69897,0.05566047,99.11433
2007.10,0.07097084,51.13969,0.01871288,46.00628,0.0183498,22.49823,0.01730278,66.05521,0.02102428,40.17144,0.02809896,186.1184,-0.007911438,59.03161,0.02222234,22.2573,-0.009919558,26.57604,0.01782629,46.82741,0.01987232,55.75406,0.04484186,49.09786,0.02456162,104.0049
2007.11,-0.0675993,40.92275,-0.04112718,40.00145,0.05299417,28.98992,-0.07448671,53.6863,0.02745475,44.01981,-0.04211209,174.0693,-0.02836042,54.52141,0.01277418,23.81904,-0.08093718,16.33133,-0.01074627,45.24957,-0.0268222,51.5764,-0.05436324,40.99242,-0.007328671,102.5098
2007.12,-0.001754168,40.67555,-0.01351239,38.1097,-0.009862165,27.7178,-0.1108999,36.6425,-0.01336109,42.09555,0.08003268,196.0038,-0.006091036,53.58021,-0.03180685,19.88074,-0.06677352,8.563476,-0.06038104,36.47925,-0.01933649,48.64544,-0.007633277,39.91618,0.03333579,109.2606
2008.01,-0.1179806,24.07856,-0.05770534,30.14003,0.02916104,31.44219,0.05469121,44.11565,-0.05070952,34.88995,-0.1206152,160.3013,-0.05063661,45.80343,-0.0421158,14.83187,0.01643493,10.34771,0.04192612,42.20129,-0.03771954,43.0386,-0.08784299,27.62553,-0.08566234,91.33489
2008.02,-0.04830462,18.08499,-0.02755493,26.55403,-0.00800037,30.3906,-0.009043158,42.81239,-0.002573872,34.54276,0.09267202,184.4239,-0.02027047,42.84793,-0.02670625,11.76514,-0.1135892,-2.186596,-0.008521764,40.98949,-0.01815232,40.44212,-0.03792978,22.78472,0.04504908,99.95435
2008.03,0.0179276,20.20197,-0.01136507,25.11574,0.02115349,33.14882,0.005323442,43.57264,0.02690737,38.16295,-0.02616678,176.9815,0.03172439,47.37969,-0.049695,6.210973,-0.03716601,-5.82193,0.01323847,42.85597,-0.002372953,40.10886,0.003281262,23.18761,0.0003702909,100.0284
2008.04,0.08066971,29.89863,0.05360286,31.8223,-0.02539245,29.76784,0.03101368,48.02536,-0.002230762,37.85474,0.1070129,206.6221,0.03398413,52.38826,0.01446648,7.747472,0.07859268,1.579777,0.002810615,43.25748,0.04130214,45.89565,0.06713628,31.45797,0.05239107,110.5081
2008.05,0.05930983,37.6029,0.01284207,33.51517,-0.02627176,26.35861,0.05502556,56.17054,0.03038004,42.04278,0.05198826,222.5628,0.008830899,53.73399,0.01905935,9.801069,-0.06952315,-5.482369,0.0143769,45.31708,0.0157379,48.19174,0.03607595,36.20044,0.04118415,119.1777
2008.06,-0.09678152,24.28548,-0.08825428,21.73188,0.02652236,29.70994,-0.1043118,39.8801,-0.06107418,33.36763,0.02883699,231.8646,-0.1243563,34.61619,-0.04675781,4.667011,-0.1817448,-22.66046,-0.03889472,39.66502,-0.07199127,37.52323,-0.0925179,23.59946,-0.01611859,115.6449
2008.07,0.007123232,25.17079,-0.002664128,21.40757,-0.003646396,29.23697,0.03649113,44.98449,0.02874911,37.20183,-0.156911,179.7914,0.01265957,36.32038,0.04967649,9.866501,0.07708188,-16.69898,0.01642237,41.95865,0.00539554,38.26524,0.002229552,23.87503,-0.06408096,101.8261
2008.08,0.01451806,26.98803,0.01487609,23.21364,0.02736568,32.77363,0.03146013,49.54572,0.02700747,40.90731,0.003359775,180.7314,0.02742133,40.05846,0.02065695,12.13601,-0.009709033,-17.50776,0.0294129,46.13406,0.0174396,40.67654,0.01469707,25.69563,0.01518362,104.8906
2008.09,-0.1563315,7.135804,-0.09399713,11.63192,0.01475806,34.73311,-0.07625241,38.1425,-0.01918971,38.20334,-0.1520428,138.0482,-0.1254969,22.48155,-0.07850347,3.332942,-0.07142837,-23.40004,-0.03074717,41.64085,-0.08427602,28.82088,-0.1251643,9.963027,-0.08561625,87.34861
2008.10,-0.1541459,-9.378736,-0.1615561,-6.402901,-0.01804846,32.30138,-0.1933961,11.42627,-0.1201369,21.60001,-0.1853753,93.91996,-0.1779993,0.6799194,-0.110781,-8.11439,-0.2117206,-39.61783,-0.1057223,26.66626,-0.1481289,9.738787,-0.157851,-7.394744,-0.1527561,58.72997
2008.11,-0.1146245,-19.76616,-0.07464871,-13.3898,0.1423466,51.13403,-0.09454192,0.891819,-0.002073424,21.34788,-0.02178949,89.69454,-0.08220785,-7.59676,-0.06315739,-13.91765,-0.1848041,-50.7767,0.02390232,29.69387,-0.05505564,3.697047,-0.09463662,-16.15859,-0.01193146,56.83609
2008.12,0.02129094,-18.0579,0.002108404,-13.20719,0.1334435,71.30188,0.09257222,10.2316,-0.008309295,20.33957,-0.04992031,80.22493,0.01341351,-6.357308,0.06540916,-8.287071,-0.01105839,-51.32103,0.1130078,44.3503,0.02877219,6.680638,0.01169967,-15.17768,-0.0291148,52.26984
2009.01,-0.02144582,-19.81522,-0.07422871,-19.64971,-0.1248568,49.91367,-0.08978759,0.3341694,-0.06413251,12.62189,-0.01269872,77.9363,-0.1114319,-16.79209,-0.006033693,-8.840439,-0.2509617,-63.53759,-0.1073222,28.85831,-0.08395304,-2.275526,-0.04783727,-19.23534,-0.03841562,46.4203
2009.02,-0.0526497,-24.03692,-0.1055805,-28.13314,-0.01802421,47.2116,-0.1108695,-10.78983,-0.08081231,3.520653,-0.1234012,55.97874,-0.1703058,-30.96288,-0.1239036,-20.13544,-0.1774895,-70.00928,-0.06444685,20.55379,-0.107004,-12.73244,-0.07911512,-25.62505,-0.1021068,31.46979
2009.03,0.1013438,-16.33853,0.07290178,-22.89392,0.04045154,53.16653,0.066015,-4.900619,0.03634541,7.283154,0.03233603,61.02247,0.0777778,-25.59332,0.05352456,-15.86073,0.1592108,-65.23444,0.05323327,26.97127,0.07110075,-6.527651,0.08712281,-19.14529,0.03434072,35.98456
2009.04,0.1324768,-5.255325,0.1089398,-14.49399,-0.06960324,42.50564,0.1376144,8.186424,0.04882932,12.52172,0.08373298,74.50537,0.1920712,-11.30194,0.004954685,-15.44384,0.2301503,-57.23313,0.03400557,31.289,0.09657404,2.499351,0.1207083,-9.385457,0.06628115,44.99777
2009.05,0.03208844,-2.215116,0.05838753,-9.501509,-0.03711537,37.21649,0.05846798,14.51187,0.05090892,18.25008,0.1288769,96.99508,0.03354782,-8.326313,0.06823799,-9.6739,0.1397953,-51.25452,0.01067631,32.69068,0.05924395,8.571817,0.04523798,-5.286238,0.08989292,58.03205
2009.06,0.02826464,0.5487392,-0.004956814,-9.950093,0.007299137,38.21806,0.02380903,17.23828,-0.005622581,17.58521,-0.07023976,83.15819,-0.02356591,-10.48669,0.01858261,-7.995405,-0.02289457,-52.37053,0.01555408,34.75456,-0.005480468,7.976793,0.01165391,-4.182452,-0.03793117,52.03771
2009.07,0.08572108,9.167885,0.07960587,-2.781592,0.005795176,39.01905,0.0958142,28.47137,0.07471427,26.3705,0.05886947,93.94062,0.09469676,-2.010066,0.06461623,-2.050415,0.09431633,-47.87829,0.05080469,41.60073,0.07268326,15.8249,0.08266347,3.73816,0.06679187,62.19259
2009.08,0.01470134,10.7728,0.036604,0.7769908,0.02215475,42.09899,0.0246181,31.6341,0.0122355,27.91671,0.01086494,96.04777,0.04773911,2.667886,0.02691071,0.5854776,0.1299007,-41.10765,0.02338642,44.91226,0.03619213,20.01685,0.02565267,6.39932,0.01155022,64.06595
2009.09,0.05545862,16.91611,0.03122548,3.923801,0.02476191,45.61763,0.05385295,38.72298,0.02578552,31.21511,0.05374257,106.5839,0.05275732,8.084369,0.00174732,0.7612326,0.01632661,-40.14613,0.03930743,50.60839,0.03507315,24.22622,0.04334205,11.01089,0.03976405,70.58987
2009.10,-0.02959424,13.45606,-0.01445002,2.4221,-0.02609593,41.8176,-0.04638407,32.28844,0.02177639,34.0725,0.02921824,112.6199,-0.03477362,4.325884,-0.01662289,-0.9137108,-0.05665676,-43.53726,-0.03624,45.15034,-0.01928699,21.83027,-0.02202213,8.566189,0.02549732,74.93946
2009.11,0.06347647,20.65785,0.06088313,8.657878,0.01202317,43.5227,0.01978551,34.90584,0.03677897,39.00355,0.02841628,118.6618,0.08778158,13.48377,0.0929817,8.299501,0.04341653,-41.08584,0.01590434,47.45886,0.04950482,27.86145,0.0621798,15.31681,0.03259763,80.64207
2009.12,0.05027538,26.72397,0.01368958,10.14536,-0.06674929,33.94266,0.05658865,42.53998,-0.01157617,37.39442,0.003343783,119.3929,0.01017824,14.63884,0.01271195,9.676198,-0.01773524,-42.1307,-0.00508032,46.70972,0.005636321,28.58212,0.03198248,19.00493,-0.004116192,79.89851
2010.01,-0.06313887,18.72277,-0.03199024,6.621782,0.03386992,38.47929,-0.01147683,40.90407,-0.0008256096,37.28098,-0.03882397,110.8752,-0.008352972,13.68127,0.01231993,11.0274,-0.0116225,-42.80329,0.01119654,48.35236,-0.0133379,26.8671,-0.04756456,13.34451,-0.01982479,76.33206
2010.02,0.04603941,24.18869,0.03148784,9.979072,-0.006933154,37.51919,0.04876203,47.77484,0.03167948,41.62997,0.03009163,117.2208,0.05332399,19.7432,0.003836165,11.45332,0.03526094,-40.78648,0.02091444,51.45507,0.03039426,30.72314,0.03876362,17.73816,0.03088556,81.77818
2010.03,0.07595983,33.62204,0.05664062,16.20835,-0.02022235,34.73823,0.07380067,58.68072,0.03329627,46.34572,0.02458129,122.5604,0.08321776,29.70796,0.02324843,14.04444,0.08651205,-35.66379,0.02678916,55.51242,0.0485594,37.07097,0.06630022,25.54422,0.02893878,87.03861
2010.04,0.02351707,36.76444,0.02050084,18.59072,0.03265205,39.13771,0.03986224,65.00609,-0.006549694,45.3872,0.04519758,132.6196,0.04614668,35.69356,-0.03568737,9.974489,0.01547554,-34.66816,0.03625715,61.15086,0.02012388,39.82937,0.02200896,28.30732,0.01932394,90.65294
2010.05,-0.07392314,26.65438,-0.0800068,9.10266,0.05133274,46.28003,-0.0680764,53.77307,-0.04632681,38.65188,-0.1145049,105.9835,-0.09118866,23.31984,-0.06509033,2.816213,-0.09158398,-40.65151,-0.008371828,59.80173,-0.06437425,30.82796,-0.07696497,18.43215,-0.08041583,75.32142
2010.06,-0.06337775,18.62731,-0.0568824,2.896639,0.0580794,54.77588,-0.06666664,43.52154,-0.03225792,34.17926,-0.06352498,92.89839,-0.07331057,14.27919,-0.02320763,0.4300926,-0.05926413,-44.16874,-0.004293619,59.11561,-0.04226807,25.29812,-0.06013008,11.31082,-0.04789145,66.92503
2010.07,0.07672817,27.72937,0.07470781,10.58382,-0.009134121,53.36214,0.06079032,52.24626,0.06563084,42.98556,0.08867688,110.004,0.109697,26.81528,0.01826991,2.264941,0.0674087,-40.40523,0.0258281,63.22526,0.0614195,32.99386,0.07571799,19.73905,0.07715386,79.80394
2010.08,-0.05129864,21.17703,-0.044267,5.688607,0.08371584,66.20098,-0.08452753,39.37726,-0.01853197,40.33575,-0.04903362,99.70676,-0.06932981,18.0232,-0.01645083,0.5825978,-0.07817804,-45.06423,-0.0004058465,63.15902,-0.03643351,28.14843,-0.04778282,14.01758,-0.0337828,73.72966
2010.09,0.1290842,36.81907,0.08223796,14.38022,-0.02495144,62.05403,0.1228486,56.49956,0.0528699,47.75529,0.09492144,118.6632,0.1096137,30.96016,0.08505328,9.137477,0.05825982,-41.86369,0.04894858,71.14542,0.07888194,38.25703,0.1056611,26.0648,0.07389567,86.56753
2010.10,0.06586874,45.83117,0.04418891,19.43456,-0.04541,54.69515,0.03414631,61.84344,0.03928186,53.55939,0.0615829,132.1291,0.034015,35.41477,0.02755986,12.14529,0.01691352,-40.8804,-0.005631843,70.18155,0.03090523,42.52989,0.05502883,33.002,0.05043238,95.97657
2010.11,-0.001724379,45.5797,-0.0006728197,19.3542,-0.01636163,52.16409,0.0262799,66.09667,-0.01564146,51.1575,0.05857549,145.7262,0.01336227,37.22422,-0.02887378,8.907232,-0.006868396,-41.28645,0.004959136,71.02551,0.003119466,42.97451,-0.001198599,32.84258,0.02146701,100.1836
2010.12,0.04549816,52.20331,0.06262092,26.82827,-0.0405455,45.99452,0.06172072,76.34828,0.0349575,56.44158,0.08834334,167.4345,0.06930433,46.73445,0.04063425,13.3326,0.1030431,-35.23643,0.01058761,72.83626,0.05173076,50.37069,0.05405954,40.02399,0.06165042,112.525
2011.01,0.03031607,56.81751,0.02796133,30.37456,-0.02412082,42.47301,0.03937364,83.29175,-0.00606505,55.49276,0.07656261,187.91,0.04459814,53.27853,0.01093092,14.57143,0.03194162,-33.16777,0.007626413,74.15438,0.02572205,54.23853,0.0291387,44.10411,0.03524878,120.0163
2011.02,0.03160743,61.77411,0.03461032,34.88687,0.0129356,44.31599,0.04388149,91.33487,0.02908536,60.01532,0.07368434,209.1244,0.02124778,56.53536,0.03125024,18.15181,0.02743892,-31.33397,0.02840855,79.10185,0.03397127,59.47821,0.03310887,48.87523,0.05138485,131.3218
2011.03,-0.005885348,60.82201,-0.004564904,34.27112,0.0005882931,44.40089,0.0165775,94.50672,0.006729384,61.09213,0.01540601,213.8868,0.01783246,59.32677,0.01346762,19.74303,-0.02729997,-33.20855,0.008582898,80.63907,0.003650116,60.06033,-0.005225126,48.09734,0.0110677,133.882
2011.04,0.03018177,65.67591,0.03424232,38.86887,0.02238999,47.63402,0.02853839,100.0576,0.05947194,70.67259,0.01255096,217.8264,0.03185577,64.40225,0.06918033,28.0269,0.002006014,-33.07456,0.02546419,85.23889,0.03226861,65.22525,0.03221205,52.86786,0.03601145,142.3044
2011.05,-0.01218665,63.65687,-0.01190347,37.21585,0.03415466,52.67641,-0.02321627,95.41304,0.02506317,74.95018,-0.04187376,204.5178,-0.02764882,59.85672,0.02468783,31.1876,-0.03296711,-35.2809,0.005469195,86.252,-0.007321158,64.01561,-0.01204506,51.02656,-0.008405299,140.2677
2011.06,-0.02244722,59.98323,-0.0213581,34.28518,-0.02262291,49.22243,-0.0371014,88.16294,-0.0334261,69.10228,-0.02282451,197.5673,-0.01036387,58.19999,-0.01606183,29.08049,-0.03093443,-37.28295,-0.02986216,80.69011,-0.02412671,60.05845,-0.02190266,47.71868,-0.02812531,133.5101
2011.07,0.01893218,63.01206,-0.01511652,32.25526,0.04439756,55.84754,-0.02950054,82.61203,-0.00588545,68.10704,0.01833972,203.0246,-0.06412601,48.05525,-0.0349786,24.56543,-0.03236794,-39.31297,0.007448512,82.03599,-0.01114507,58.27459,0.001907832,48.0005,0.006227137,134.9642
2011.08,-0.05068956,54.74906,-0.05523441,24.95022,0.09676386,70.92795,-0.1178661,61.08826,0.001946331,68.43423,-0.102158,172.0682,-0.06574385,38.32153,-0.0211021,21.93684,-0.09594571,-45.13563,-0.01055112,80.1153,-0.04555884,51.06378,-0.05296198,40.1621,-0.05010585,123.1912
2011.09,-0.04667645,47.52592,-0.07297778,15.83163,0.1324149,93.56135,-0.1209561,41.60365,-0.03981879,61.72738,-0.1475815,131.916,-0.09814817,24.74553,-0.05000011,15.83999,-0.1173395,-51.57339,0.005729374,81.14725,-0.06234262,41.64607,-0.05982712,31.7766,-0.09370016,102.2781
2011.10,0.1060676,63.17363,0.1126447,28.87944,-0.03783387,86.23817,0.2007997,70.03762,0.05400749,70.46187,0.1960981,177.3942,0.1501386,43.47464,0.06337449,23.18129,0.1475402,-44.42852,0.08148291,95.90766,0.1103152,57.27179,0.1093561,46.18718,0.1250528,127.5735
2011.11,-0.02691987,58.78102,-0.003179767,28.46964,0.01984241,89.93359,-0.015989,67.31889,0.0277062,75.18472,0.01664045,182.0102,0.01406363,45.49241,0.009535182,24.35584,-0.05111084,-47.26882,0.001926704,96.28511,-0.001045735,57.10732,-0.01504982,43.98709,0.02217332,132.6196
2011.12,-0.009930806,57.2042,0.004465918,29.04337,0.03124922,95.86887,-0.07718378,54.40458,0.01849538,78.42483,-0.02455187,175.0863,-0.004130848,44.89141,0.02390789,27.32893,0.01483156,-46.48674,-0.02296728,91.77698,-0.002538594,56.70849,-0.002732444,43.59365,-0.003028248,131.9152
2012.01,0.08833304,71.09052,0.05259279,35.83012,0.002380172,96.33507,0.1995223,85.21174,-0.005245722,77.48886,0.02689439,182.4846,0.08037617,56.53722,0.03778508,32.14006,0.08846595,-41.75264,0.1009512,111.1371,0.06345602,66.65259,0.07046292,53.71168,0.01082434,134.4255
2012.02,0.06410051,82.05751,0.04211914,41.55117,-0.02829952,90.77888,0.05503998,95.40579,0.03746484,84.13845,0.05927298,199.2283,0.02788564,60.90236,0.01061461,33.54268,0.04978672,-38.85269,0.01337023,113.96,0.03533166,72.5407,0.05310982,61.87528,0.04836891,145.7644
2012.03,0.04875042,90.93289,0.02832756,45.56097,-0.04224699,82.71905,0.01571354,98.4763,0.02557924,88.84858,-0.04180066,186.7204,0.005103215,61.72348,0.03952464,38.8209,0.0704605,-34.54422,-0.01326673,111.1215,0.01660127,75.40509,0.03853899,68.11379,-0.008110708,143.7711
2012.04,-0.01001751,89.02022,-0.002106738,45.25431,0.04801543,91.49238,-0.02908446,92.70373,0.008243846,90.40541,-0.003272615,185.782,-0.006345587,60.69725,0.00237489,39.15059,-0.02029941,-35.87294,0.009465483,113.1199,-0.001388018,75.16163,-0.006062124,67.09467,0.002485615,144.377
2012.05,-0.07040146,75.71292,-0.06009432,36.52535,0.09044284,108.8115,-0.09114081,75.14055,-0.011703,88.1771,-0.1068222,155.2542,-0.06322612,50.53699,-0.03625693,34.10541,-0.09202879,-41.77447,-0.0003489854,113.0455,-0.04902564,66.57422,-0.06524789,56.19209,-0.05926259,129.8946
2012.06,0.03383839,81.65876,0.03716375,41.59915,-0.01643691,105.3793,0.04347813,82.75534,0.02930777,93.69215,0.04306129,166.2458,0.02884346,54.879,0.05145182,41.00538,0.04496808,-39.15618,0.01352061,115.926,0.03285287,72.04666,0.03550107,61.73708,0.03618453,138.2132
2012.07,0.01229621,83.89247,0.01722804,44.03862,0.03808257,113.2006,-0.01881656,79.31651,0.03178974,99.84958,0.05448906,180.7532,0.008676291,56.22277,0.01544161,43.18273,0.006180963,-38.78011,0.009633004,118.006,0.01837421,75.20788,0.01476213,64.12466,0.0431394,148.4896
2012.08,0.0518517,93.42761,0.02477431,47.60708,-0.01314597,110.3979,0.05684867,89.51042,-0.004771095,98.89607,0.02699189,188.3313,0.01535837,58.6221,0.01172171,44.86108,0.03410632,-36.69212,0.02185135,122.7697,0.02263732,79.17412,0.03831301,70.41277,0.0111104,151.2504
2012.09,0.00601535,94.59115,0.01776135,50.22878,-0.02535266,105.0638,0.01749866,92.82659,0.01043434,100.9714,0.02656184,195.9899,0.004675622,59.36376,0.03295561,49.63506,0.02836412,-34.89645,-0.003927002,121.8949,0.01321269,81.54149,0.01188835,72.4387,0.01849809,155.8981
2012.10,-0.05009142,84.8438,-0.01487443,47.99421,-0.004803188,104.0788,-0.0254778,87.9138,-0.005308398,99.90459,-0.01590459,191.2823,0.005370693,60.21965,0.002715527,50.0414,0.02412245,-33.32599,-0.01514049,118.5353,-0.009361239,79.84204,-0.03248292,66.83738,-0.01060649,153.1839
2012.11,0.01308693,87.26284,0.008693801,49.28085,0.01371393,106.8775,0.02679735,92.94939,0.01836674,103.5762,-0.01223206,187.7193,0.01753891,63.02973,0.005245861,50.8285,-0.008805197,-33.91307,0.02025564,122.9619,0.009156252,81.48872,0.01089037,68.6543,0.003067343,153.9605
2012.12,-0.01018219,85.35609,0.003013001,49.73063,-0.02892878,100.8928,-0.1069384,72.3157,-0.03163149,97.13677,0.005065836,189.1769,0.02073762,66.41058,-0.008946111,49.47917,0.03997514,-31.27124,-0.06793357,107.8153,-0.01309281,79.11252,-0.003584593,68.04975,-0.01328283,150.5872
2013.01,0.03243394,91.36792,0.05787554,58.39637,-0.02781373,95.30524,0.2687863,118.6318,0.06830051,110.6013,0.08854824,214.783,0.06527759,77.27346,0.08178864,61.70487,0.06704743,-26.66315,0.1204863,132.8542,0.07802716,93.08816,0.04515474,75.63799,0.07842437,170.2393
2013.02,0.003439341,92.0261,0.01355756,60.54384,0.01014362,97.28634,0.03585675,126.4712,0.0330891,117.5699,0.004396125,216.1668,0.02220554,81.20991,0.01258464,63.73986,0.01208303,-25.77702,0.02300018,138.2099,0.01637286,96.24956,0.008498449,77.13064,0.01874261,175.3043
2013.03,0.02786875,97.37763,0.03186915,65.66023,-0.004121839,96.47316,0.03846126,135.1816,0.04410629,127.1661,0.02085183,222.7594,0.0192822,84.70404,0.05753716,73.16099,0.03524737,-23.16085,0.01716971,142.2999,0.03012246,102.1611,0.02986895,82.42135,0.03247906,184.2459
2013.04,0.02774687,102.8542,0.02448265,69.71604,0.046826,105.6732,-0.02098739,130.2457,0.03450483,135.0044,-0.008690477,219.9545,-0.003115786,84.12854,0.03449047,79.13339,0.03037062,-20.8272,0.0129193,145.4302,0.01840309,105.8815,0.02611476,87.18524,0.01290718,187.9147
2013.05,0.03577438,110.1112,0.02399473,73.78833,-0.06756919,91.77604,0.06242137,144.618,-0.0217389,129.8957,0.02849123,229.0704,0.05018086,93.36827,0.01647996,82.08551,0.06096253,-16.00063,-0.002573908,144.7985,0.02099966,110.2049,0.02988455,92.77918,0.003376163,188.8868
2013.06,-0.02703022,104.4319,-0.02081547,70.17084,-0.0329848,85.45035,-0.007122023,142.8758,-0.009488125,127.7144,-0.02732925,220.0772,-0.02044582,89.41469,-0.01039276,80.19313,-0.01965724,-17.65182,-0.02005341,139.8895,-0.01947397,106.1114,-0.02392285,88.16736,-0.01840869,183.5688
2013.07,0.06650349,118.0273,0.0592332,80.2506,-0.02246121,81.28491,0.08427971,163.3453,0.05016726,139.1382,0.05766282,238.5337,0.06451109,101.634,0.07647532,93.97346,0.05771668,-12.89896,0.03090925,147.3043,0.05489871,117.4266,0.06286834,99.99713,0.05391504,198.8574
2013.08,-0.003959242,117.1641,-0.03037467,74.77555,-0.01362688,78.81456,-0.04189648,152.3121,-0.04542143,128.2762,-0.0103128,235.0425,-0.02480073,96.63337,-0.03528032,87.13002,-0.05124459,-17.36242,-0.02776168,140.4387,-0.02854635,111.2199,-0.01716695,96.56379,-0.02786711,190.5291
2013.09,0.04518358,126.9763,0.02737258,79.55961,0.006391528,79.95746,0.04257794,163.055,0.007340246,129.9518,0.01642765,240.5464,0.05381492,107.2152,0.02783394,92.33858,0.02417712,-15.36448,0.02448473,146.3258,0.02790217,117.1134,0.03627808,103.6947,0.01188395,193.9817
2013.10,0.05272055,138.9426,0.05123258,88.75891,0.01432389,82.53515,0.02924952,170.7492,0.07079949,146.2323,0.04680617,256.4861,0.05244469,118.0825,0.04739422,101.4543,0.0372239,-12.21401,0.0217867,151.6924,0.04468833,126.8158,0.05197656,114.2821,0.05880283,211.2687
2013.11,0.03551131,147.4278,0.02982623,94.38888,-0.02709391,77.58956,0.03109935,179.1694,0.01558458,150.0697,0.0005787138,256.6924,0.0366106,126.0666,0.04718587,110.9601,0.04423933,-8.33042,0.002002722,152.1964,0.0237269,132.1975,0.03266877,121.2824,0.008081646,213.7842
2013.12,0.0260119,153.8639,0.02027935,98.33096,-0.02217974,73.65067,-0.05616224,163.4906,-0.0006974792,149.8953,0.02394736,265.2343,0.03690472,134.4096,0.003257539,111.6473,0.01769021,-6.708766,-0.03917099,142.3177,0.005450181,133.463,0.02314563,126.4041,0.01162494,217.432
2014.01,-0.01609796,149.7772,-0.02983507,92.41374,0.06967608,85.74997,0.07573402,183.4458,-0.04444276,138.7893,-0.05357127,245.6682,-0.03779528,125.55,0.01353636,114.5123,-0.03206621,-9.700261,0.07270505,159.9354,-0.006095786,132.0398,-0.02296651,121.2044,-0.04900701,201.8756
2014.02,0.04717764,161.5611,0.04559903,101.1876,0.002678375,86.24747,0.06296097,201.2918,0.03900872,148.1041,0.05121092,263.3702,0.04057563,134.7018,0.06218736,127.8522,0.03038965,-6.956084,0.03281967,168.4664,0.04242092,141.8832,0.04638833,131.4657,0.04510982,215.4931
2014.03,-0.02552678,154.8843,0.004270421,102.0468,0.007449839,87.63499,0.008537833,203.8642,0.01676523,152.2637,0.01608714,269.2158,0.005186413,135.9191,-0.01598256,124.2106,0.02949287,-4.211952,0.007993836,170.6125,0.005142268,143.127,-0.01062818,129.0057,0.01642619,220.6755
2014.04,-0.0009141972,154.6513,0.01192858,104.4569,0.02080411,91.53857,0.006349346,205.7935,0.03262241,160.4931,0.05772535,290.5289,0.01779122,140.1164,-0.002888083,123.563,-0.01336671,-5.492323,0.01357673,174.2865,0.01445022,146.6403,0.005507191,130.2669,0.04517388,235.1616
2014.05,0.04485622,166.074,0.02284467,109.1277,0.02964552,97.21683,-0.002103332,205.1503,0.01808273,165.2035,0.01674827,297.0696,0.0192348,144.735,0.02873337,129.9867,0.01502702,-4.072155,0.01377109,178.0637,0.02145214,151.9312,0.03385045,138.0615,0.0174155,240.9986
2014.06,0.02847474,173.6503,0.0161448,112.504,-0.002668388,96.69058,0.03319286,215.2792,-0.009324707,162.7306,0.05025705,317.0251,0.0001850017,144.7802,0.0173945,133.9872,0.02018838,-2.135527,0.01526223,182.3076,0.0170938,156.2377,0.02230977,143.3726,0.02046617,247.9776
2014.07,0.01453879,177.6289,-0.009384026,110.5098,0.006645828,97.99775,-0.0540541,198.237,-0.02654032,155.7576,-0.03018349,304.4378,-0.03687592,135.7538,0.00507581,135.1749,-0.01061149,-3.174015,-0.02370413,175.6157,-0.01570988,152.2122,0.002577381,143.9999,-0.02836191,238.1083
2014.08,0.05009433,191.5365,0.03969151,118.8653,0.0471755,107.3384,0.04474395,211.5813,0.04612909,167.5555,0.0218362,313.2692,0.04225362,145.7152,0.04843228,146.565,0.04239207,0.9306393,0.04595973,188.2829,0.04252762,162.9382,0.04489292,154.9537,0.03398265,249.5981
2014.09,-0.00992156,188.644,-0.01832072,114.8555,-0.02077452,103.031,-0.06191948,192.2884,-0.0004427786,167.437,-0.08223616,279.2836,-0.01610485,141.758,0.0007829278,146.758,-0.008133842,0.1096854,-0.041347,176.3633,-0.024119,156.5964,-0.01412114,151.3535,-0.04133947,235.1459
2014.10,0.0288614,196.9747,0.02865474,121.0122,0.02797058,108.7099,0.008800826,194.8608,0.04202691,178.6766,-0.03034841,267.7729,0.04365767,152.3126,0.05632548,160.6568,0.03316946,3.43027,0.0183857,181.4445,0.02656874,163.4138,0.02875807,158.5819,0.00583925,237.1029
2014.11,0.04546355,210.4762,0.02753824,127.0984,0.02972855,114.9146,0.01308644,198.7194,0.05544822,194.1287,-0.08693695,235.7998,0.03079168,160.0817,0.03478527,169.7238,0.02348942,5.859787,0.0214075,187.4695,0.01926605,168.4888,0.0365009,168.0204,-0.01574437,231.7954
2014.12,-0.02603532,202.3929,-0.008198171,125.2367,0.03050818,121.4712,-0.1528527,153.0594,-0.01642989,189.2962,-0.008268439,233.0233,-0.005798576,158.5736,-0.01766983,164.9578,0.01352483,7.291523,-0.06117227,169.8843,-0.02124666,162.7843,-0.01711674,163.4328,-0.01234916,227.698
2015.01,-0.01717452,197.1994,-0.02388469,119.8569,0.1029764,144.2775,0.1527177,191.706,-0.002571044,188.5524,-0.03967512,219.8106,-0.03010902,150.7882,0.01676474,169.3998,-0.06479811,0.3392342,0.1278471,204.3882,0.01047181,165.5361,-0.0205296,158.0246,-0.02112308,220.776
2015.02,0.07220556,218.6589,0.05645455,132.2689,-0.06327654,128.8205,0.0997306,220.798,0.04144077,200.5103,0.04592979,234.4994,0.05350931,164.2077,0.04287604,180.9506,0.05823593,6.182583,0.01822703,209.9363,0.045234,177.5474,0.06433006,174.6233,0.04368528,234.7892
2015.03,-0.02583014,210.4279,-0.02063989,127.4749,0.01099537,131.3365,0.01041659,224.1396,-0.02539459,192.8789,-0.01822329,228.4037,-0.02991826,156.3031,0.00359935,181.9618,-0.009855984,5.136049,0.01070598,213.2545,-0.01165009,174.3139,-0.02323501,168.2425,-0.02180894,227.4878
2015.04,0.0215674,217.123,0.01453357,130.7809,-0.0343908,123.3806,-0.01455418,219.4221,-0.001513814,192.4356,0.07298007,252.3706,0.002073342,156.8345,-0.008130196,179.6694,0.004564943,5.615989,-0.02447249,205.5884,0.006347815,176.0552,0.01805048,173.0844,0.03573313,239.19
2015.05,0.02248453,224.2534,0.01300889,133.7831,-0.02368533,118.0898,0.0079999,221.9774,0.008682703,194.9747,-0.05188662,234.0873,0.003235634,157.6655,0.0450426,192.2664,0.01947801,7.673178,-0.007842713,203.1917,0.004928924,177.4159,0.01774671,177.9307,-0.02160196,231.8628
2015.06,-0.02707871,215.473,-0.02521378,127.8885,-0.04081855,109.1877,0,221.9774,-0.02438966,187.7804,-0.04120433,220.3215,-0.03135627,149.5861,-0.007339259,190.1214,-0.008943115,6.710244,-0.02040928,197.0038,-0.02292708,171.0555,-0.02614625,170.6639,-0.032797,220.9787
2015.07,0.04798245,230.6102,0.02756716,134.1708,0.04541298,118.6875,-0.04884003,206.252,0.0634831,206.0495,-0.07077042,197.6522,0.007939194,151.5676,0.0331206,199.7304,0.03856524,10.82555,-0.001713524,196.4949,0.01605114,175.4063,0.03777481,180.8881,-0.003643657,219.8092
2015.08,-0.06824452,208.0478,-0.06143749,119.7839,-0.006877571,117.1835,-0.04300394,193.082,-0.05963017,187.7998,-0.04251963,184.9961,-0.05403908,137.9731,-0.07964478,175.8584,-0.07060654,3.000541,-0.02494075,189.1001,-0.05400041,160.5342,-0.06484101,162.6751,-0.0510749,203.475
2015.09,-0.02444641,200.5172,-0.03038968,113.1047,0.01968179,121.458,-0.05700855,176.3738,-0.002536791,187.0697,-0.07872957,162.5585,-0.02729581,131.4774,-0.0604341,159.1872,-0.0328639,-0.384459,-0.01866338,183.7045,-0.03266923,152.0228,-0.02741805,155.473,-0.04063318,191.1438
2015.10,0.1164083,235.4999,0.09084144,132.4635,-0.003994247,120.5735,0.06401129,194.0648,0.063823,205.3913,0.1198011,194.0133,0.0936702,153.16,0.08105926,180.1967,0.06786194,6.375645,0.03000852,192.218,0.07705359,171.4421,0.1036249,181.9464,0.09181206,217.8743
2015.11,0.006088436,237.5425,0.003922551,133.3753,-0.00877889,118.6371,0.0207218,200.1584,-0.009222358,202.5749,-0.0001470967,193.9701,0.00866047,155.3525,-0.003223663,179.2934,0.01993339,8.496071,0.005971456,193.963,0.004217182,172.5868,0.005005493,183.3577,-0.004684727,216.3852
2015.12,-0.01894423,231.1481,-0.02382427,127.8153,-0.00499941,117.544,-0.184021,144.9229,0.02165116,209.126,-0.1132018,160.6921,-0.03160393,147.2823,0.01293723,182.9067,-0.02972323,5.271218,-0.0945102,166.1805,-0.04130328,161.328,-0.02138425,177.2983,-0.04577533,201.9025
2016.01,-0.06626105,209.2058,-0.04371051,117.8574,0.06018748,130.6374,0.001416179,145.2698,0.01275319,213.0683,-0.02623966,153.8516,-0.05124447,134.6105,-0.07328088,162.1751,-0.08283244,-3.448654,0.03080183,174.3794,-0.02991246,153.5111,-0.05498578,162.0508,-0.006743234,199.8667
2016.02,-0.01565334,204.3657,-0.0005649428,117.7343,0.02890848,137.3048,0.01003637,147.7314,0.003152247,214.0552,-0.02800176,146.7433,0.04260823,144.6068,-0.003610308,161.2285,-0.02900578,-6.249201,0.01947242,179.7222,0.0008743554,153.7327,-0.00810914,159.9258,-0.01242476,196.1409
2016.03,0.06536567,224.2608,0.06241314,131.3238,-0.0009339091,137.0832,0.1174346,176.8237,0.04202669,227.2539,0.09384932,169.9,0.06427473,160.3288,0.02340332,167.3422,0.06685606,0.01860843,0.05825033,196.0161,0.05940995,168.807,0.0638894,176.5323,0.067938,216.2602
2016.04,-0.0289962,214.8585,0.003919703,132.2305,-0.007537786,135.2961,0.01050933,179.7329,-0.009256684,224.2246,0.09843152,196.4667,0.01763367,164.9194,0.03334856,176.2576,0.04059877,4.079241,0.001485771,196.4559,0.01762788,173.5455,-0.01253825,173.0651,0.04458742,230.3614
2016.05,0.04370011,228.6178,0.01691891,136.1596,0.008112697,137.205,-0.01040003,176.8237,0.006883545,226.4564,-0.009333156,193.6997,-0.004273398,163.7873,0.02235278,182.4328,0.01887583,6.043823,-0.001143667,196.1169,0.01031525,176.3672,0.03030951,181.3416,-0.001224805,229.9568
2016.06,-0.02537607,220.2788,-0.002228033,135.6335,0.06929711,153.6426,-0.05335473,162.0538,0.04728449,241.8928,0.02048755,199.7169,0.001609226,164.2118,0.005045528,183.8578,-0.03747397,2.06994,0.007971193,198.4773,0.002810124,177.1438,-0.01380205,177.4585,0.03388602,241.1377
2016.07,0.0743625,244.0955,0.04234006,145.6102,0.02124517,159.0313,0.07685739,182.1946,-0.002192716,241.1431,-0.006101076,197.8883,0.04195687,175.2973,0.05288956,198.8709,0.04009033,6.161958,0.04905128,213.118,0.03793868,187.6583,0.05835128,193.6485,-0.004146896,239.723
2016.08,0.01050063,247.7087,0.001282212,145.9251,-0.01012168,156.4095,0.01586031,186.6703,-0.005849733,239.1475,0.01677065,202.8841,0.009476267,177.9061,-0.03244631,189.1736,0.03847782,10.24684,0.002869318,214.0164,0.004883352,189.063,0.005891419,195.3785,0.00546046,241.5781
2016.09,0.01958096,254.5172,-0.004985126,144.6992,-0.01507714,152.5436,0.02341929,193.3839,-0.02151557,231.8505,0.03065257,212.1683,-0.003584254,176.91,-0.008934042,186.5902,-0.03264255,6.648101,0.004171074,215.3262,-0.001453985,188.6427,0.007297918,197.5342,0.0045685,243.1386
2016.10,-0.01210319,250.2264,-0.01280132,141.5667,-0.04378813,141.4851,-0.04347835,180.628,-0.001560118,231.3328,-0.02230919,205.2041,-0.01468547,172.8434,-0.06225477,168.7485,0.02768774,9.600946,-0.04363324,201.5675,-0.02058809,182.7001,-0.01245226,193.8292,-0.01193465,239.0433
2016.11,0.004359183,251.7531,0.03668874,150.4295,-0.08223678,121.6262,0.1307814,217.329,-0.04204497,217.4019,0.08466891,231.0454,0.09089333,197.6431,0.02063576,174.2944,0.140324,24.98059,0.02427231,208.8872,0.0426744,194.7642,0.02052396,199.8597,0.02131197,246.269
2016.12,0.00834041,254.6869,0.01561814,154.3407,-0.007340507,119.9993,0.009873038,220.462,0.02234101,224.493,0.01195778,235.0039,-0.003044359,196.737,0.002763541,175.0524,0.03287424,29.08924,0.001266265,209.2784,0.01037592,197.8226,0.01197928,203.4518,0.0171494,252.2073
2017.01,0.05451026,274.021,0.02333811,160.2765,0.012828,122.8215,0.05749597,238.8872,0.02460287,232.4765,-0.02701262,225.9546,0.02488137,204.1202,0.0274057,182.5904,0.007133501,30.01009,0.03516199,220.1532,0.02279813,204.6124,0.03892419,215.2635,-0.001204873,251.783
2017.02,0.04375074,290.3847,0.03975027,170.6226,0.01365601,125.8643,0.0222674,246.4334,0.0477279,248.3449,-0.02085057,219.1583,0.03912925,216.0202,0.06338639,200.5028,0.05276677,36.87031,0.01796171,225.9037,0.03350935,214.8198,0.0417505,228.4259,0.01343866,256.5104
2017.03,0.01815091,297.4705,-0.003192973,169.7585,-0.00631809,124.4373,-0.01188131,242.3173,-0.009437291,245.0574,-0.02073405,212.5408,-0.0121473,212.1814,-0.008401062,197.9782,-0.03300735,32.35258,-0.0090997,222.9381,-0.009663169,211.7776,0.007478968,230.8822,-0.01508567,251.1322
2017.04,0.02940678,309.1588,0.01407632,173.5557,0.01553843,127.9247,-0.008684136,239.3446,0.01631107,250.6857,-0.02364902,205.1495,0.02431038,219.7706,0.01901176,203.6433,-0.004893922,31.70486,0.003427149,224.0448,0.009047519,214.5984,0.02174155,238.076,-0.003668974,249.844
2017.05,0.03897327,325.1051,0.013942,177.3696,0.01890771,132.2342,-0.04784366,223.1091,0.02645873,259.9644,-0.03537732,194.3542,0.01778737,225.4585,0.007682305,205.976,-0.01189981,30.13759,-0.01446797,219.3566,0.003181177,215.5992,0.02645763,247.0207,-0.004459299,248.2839
2017.06,-0.02583342,314.1232,0.00209952,177.952,0.007888499,134.0662,0.05803246,241.8599,-0.03001388,249.1605,-0.007946185,192.0152,0.00873803,228.3024,0.04153506,218.6847,0.06107517,38.08577,0.03296048,229.8827,0.01284169,219.6521,-0.01186695,242.9027,-0.01898003,241.6735
2017.07,0.04344813,332.116,0.025403,185.0128,-0.006531595,132.5374,0.02408031,250.092,0.01468077,254.2864,0.03325082,201.7249,0.007683276,230.8248,0.01220652,222.5748,0.02091454,40.97377,0.008774357,232.7772,0.01945953,225.8723,0.03442557,254.7073,0.0239658,249.8619
2017.08,0.02073587,341.0763,0.002736818,185.7928,0.03397694,140.4383,-0.03200516,238.8872,-0.0110272,250.3796,-0.05478838,185.1939,0.002195641,231.5512,0.01752414,228.2276,-0.01554399,38.78248,0.0009858907,233.1053,-0.004021701,224.5618,0.01173635,258.8702,-0.03290779,238.3487
2017.09,-0.005129999,338.8136,0.01521225,190.1404,-0.02311806,134.8798,0.06950055,262.4401,-0.01334298,245.7045,0.08750171,210.1489,0.0371024,243.8525,0.005412831,230.0043,0.04696343,45.30018,0.02319125,240.8304,0.02445579,232.4992,0.005041127,260.6794,0.03707937,250.8945
2017.10,0.04835377,360.0319,0.02849057,198.4066,-0.000350473,134.7975,0.01451098,267.6995,-0.01031418,242.1389,0.004735855,211.6177,0.01207154,248.0034,-0.003932743,228.7064,0.03290564,50.08137,0.007080255,243.2436,0.01405233,237.1716,0.03842217,274.5374,-0.002789164,249.9158
2017.11,0.01971731,369.1025,0.03121957,207.7227,0.007337648,136.5204,0.04042297,282.563,0.0557543,261.2146,0.01752324,217.0782,0.04166077,262.5014,0.02909615,238.2705,0.03458614,55.27211,0.02388031,251.4403,0.03081312,247.5609,0.02546844,284.0763,0.03663877,262.7363
2017.12,0.003931863,370.9469,0.007343861,209.9826,0.01605404,140.3175,-0.184698,211.9043,0.01498664,266.628,0.0457307,231.5784,0.01556859,268.1451,-0.00946444,235.069,0.01417165,57.47257,-0.084322,221.8062,-0.008486125,244.6114,0.005637862,286.2417,0.03035867,273.7485
2018.01,0.0898448,413.2591,0.06188872,229.167,-0.02852949,133.4614,0.2886318,301.9298,0.02390099,275.3907,0.04274031,245.7502,0.05937834,290.0049,0.06981379,258.4614,0.0705165,68.57698,0.1300512,263.6575,0.07535397,270.5793,0.07586676,315.5446,0.03332065,286.202
2018.02,-0.01292783,406.6238,-0.03804335,216.6444,-0.03242916,125.8904,-0.0609674,277.4252,-0.07627118,246.7592,-0.1083499,208.2882,-0.0386306,274.9388,-0.04494879,242.349,-0.02925341,63.64553,-0.04669828,246.6753,-0.04909129,252.3871,-0.02548559,304.9542,-0.09231055,250.5515
2018.03,-0.04234189,385.1723,-0.02915793,207.4117,0.02866368,132.3653,-0.01119397,273.2003,-0.0146039,241.6952,0.01003891,211.3831,-0.03078954,263.3946,-0.03256481,231.2005,-0.04502945,56.27666,0.008734857,249.7034,-0.01855321,245.8492,-0.03574991,290.4771,-0.002282497,249.7514
2018.04,0.006688702,388.4175,0.008071203,209.8929,-0.02099938,127.4857,0.003018968,274.327,-0.03603696,229.3815,0.1027372,243.3737,-0.02394512,254.6931,0.01411529,235.8755,-0.0007284506,56.16282,-0.008990206,246.5595,0.00588016,247.8828,0.007379953,293.3588,0.03335011,261.4156
2018.05,0.05672929,416.1251,0.02410707,217.3635,0.01997551,132.0299,0.02257343,282.7769,-0.01565914,224.2237,0.02994169,253.6549,0.03073899,265.596,0.001823792,236.4881,-0.009836005,54.6268,0.02127447,253.9324,0.01782162,254.0826,0.04041818,309.2577,0.007141272,263.9966
2018.06,0.009290343,420.9201,0.001173396,217.7359,0.006338505,133.5006,-0.01471681,277.1436,0.0376561,236.4327,-0.001052431,253.2827,-0.037749,251.7951,0.01274088,240.7752,-0.02170707,51.27031,-0.004189153,252.4497,-0.0008917878,253.7669,0.00523187,311.3989,0.01830184,270.6584
2018.07,0.03016394,436.6331,0.04233692,231.1879,-0.01431031,130.1591,0.01717713,283.6219,0.04763804,252.4597,0.02239849,261.1957,0.07815832,279.2908,0.06948807,264.455,0.05570041,59.69613,0.001433412,252.9549,0.03875011,267.4754,0.03625043,326.3122,0.03501827,283.6382
2018.08,0.05780677,467.6541,0.03233554,241.897,0.0131493,133.1856,0.007342103,286.4385,0.003920022,253.8414,-0.03475105,248.6438,0.002340261,280.1785,0.04329242,280.2332,0.01359575,61.86731,0.0102457,256.5712,0.0154479,273.1521,0.04507115,345.5266,-0.01541552,277.7242
2018.09,-0.004607335,465.0387,0.0009918763,242.2361,-0.02865993,126.5025,-0.02915454,275.172,0.002789101,254.8283,0.01746365,254.7323,0.01686108,286.5887,0.02554424,289.9459,-0.02647382,57.58207,-0.02890724,246.2637,-0.002805076,272.1054,-0.001807729,344.7212,0.01012637,281.5492
2018.10,-0.08431249,417.3989,-0.06415713,220.2792,-0.02928351,119.8697,-0.1178679,230.9513,0.02723078,264.4905,-0.1071852,216.7103,-0.1043671,246.2415,-0.06415374,264.9294,-0.04290836,50.82048,-0.07357573,220.7871,-0.06522275,247.8357,-0.07423481,311.7074,-0.03997721,266.2959
2018.11,-0.002649885,416.0279,0.01921097,226.4321,0.01767258,123.7554,0.0170214,236.5845,0.02272314,272.7729,-0.01563435,211.7587,0.03806521,259.4213,0.08083454,294.4283,0.02625599,54.78042,0.01734699,226.3518,0.02261107,255.7006,0.008280542,315.1166,0.003544399,267.5942
2018.12,-0.08921308,369.9914,-0.0949282,195.4445,0.05614256,136.3175,-0.4075314,99.41575,-0.09740491,236.463,-0.1325063,170.4487,-0.1120762,219.1387,-0.09763212,255.9195,-0.1167964,36.70263,-0.1756944,169.0136,-0.1213273,212.5444,-0.09207064,276.8966,-0.1149556,225.3372
2019.01,0.09322666,413.8072,0.08661246,221.0337,0.008501441,138.3266,0.6723695,233.4968,0.06101948,256.9938,0.1225212,203.5844,0.1211523,257.8031,0.05284391,274.7276,0.09579068,49.79746,0.3404355,260.5954,0.1460042,258.1772,0.08991956,310.7869,0.09177034,255.1935
2019.02,0.02991196,429.1761,0.03229627,231.4019,-0.01598772,134.5163,0.04431131,248.2745,0.01779354,263.346,0.0230479,210.5814,0.06367531,280.5863,0.01080862,278.7779,0.02235941,53.14685,0.01416179,265.7021,0.0253574,267.2596,0.03110412,323.5641,0.02042072,262.4468
2019.03,0.03735743,448.9448,0.01512556,236.4145,0.05587172,147.6191,-0.03211015,237.0913,0.03257265,275.1811,0.01333351,214.7226,-0.0171599,274.0555,0.001090917,279.1911,-0.03054314,48.46926,0.01188078,270.0469,0.008393176,270.3421,0.0262415,334.679,0.02295308,270.7661
2019.04,0.05691308,480.1869,0.04412346,251.2583,-0.01999964,142.6668,0.05805699,256.6619,0.03415031,287.9936,0.00769039,217.1429,0.04571042,291.1538,-0.02351593,270.2741,0.09541195,62.635,0.01902868,277.0884,0.03317123,282.6268,0.05051827,356.6383,0.02092035,278.5226
2019.05,-0.08225176,432.4655,-0.06298564,229.1341,0.06850331,159.2903,-0.1276595,211.1306,-0.03638879,273.875,-0.1110271,181.9315,-0.0764003,261.2695,-0.02218257,262.0605,-0.07173445,50.96847,-0.02957808,265.9348,-0.05801408,260.4291,-0.0726187,323.4778,-0.07370792,250.6225
2019.06,0.07352684,471.6161,0.06292845,249.846,0.009548672,161.7662,0.1103977,245.4787,0.04423653,290.414,0.08405659,205.6297,0.07453136,288.1954,0.06141164,284.2952,0.06113041,60.19724,0.05997321,287.8811,0.06464091,283.7275,0.06822764,352.3707,0.06414656,273.1138
2019.07,0.02561053,486.2554,0.02143473,257.3448,0.002655793,162.4614,-0.0138728,240.686,0.03122023,302.6028,-0.006870053,203.53,0.009537835,291.8979,-0.01199422,279.6859,0.02876596,64.80546,-0.005608503,285.7057,0.009609778,287.415,0.02352263,363.0116,0.01217509,277.6565
2019.08,-0.0189953,475.1193,-0.01657611,251.4214,0.1104591,191.4526,-0.06330604,219.1185,0.02170625,311.3418,-0.08325354,178.26,-0.02647128,281.5239,-0.005924934,277.4363,-0.04707967,57.04648,0.02357651,294.7993,-0.0143824,281.8431,-0.01778571,354.7767,-0.03077364,266.0346
2019.09,0.007147782,479.2302,0.01444265,256.4969,-0.02658292,183.705,0.05506901,236.692,0.01152834,316.0839,0.0299233,186.5865,0.02468314,290.9411,-0.00518748,275.4783,0.04011874,63.34698,0.01424304,300.4224,0.01679362,288.2556,0.01079521,359.6861,0.02072582,273.621
2019.10,0.04590572,505.8201,0.02665855,266.0006,-0.01111452,180.5517,0.008303693,239.4878,0.001657809,316.7736,-0.01199148,183.1499,0.01669592,297.4682,0.05562564,296.3645,0.03022574,68.28427,-0.001405414,299.8597,0.01799634,295.2428,0.03628213,376.3645,-0.005166836,271.6905
2019.11,0.04069434,530.4736,0.03636428,279.3099,-0.00406575,179.4111,0.04705864,255.4636,0.01373452,322.4978,0.01604563,187.6932,0.04496242,315.3394,0.0500266,316.1933,0.05052245,76.7864,0.02149644,308.4552,0.0328159,308.213,0.03852931,394.7184,0.01489008,277.225
2019.12,0.03661602,553.559,0.02271694,287.9267,-0.03349693,170.0516,0,255.4636,0.01580656,329.1761,0.01952793,193.3112,-0.006947852,312.4536,0.02382117,326.1075,0.0208956,80.48046,-0.01674847,301.6142,0.01099327,312.7006,0.02966648,409.395,0.01766724,283.8895
2020.01,0.03261831,574.877,0.006431475,290.4216,0.08048938,191.7879,-0.02466881,246.6948,0.0113929,334.0656,-0.07436469,171.4992,0.000530298,312.6724,-0.0163112,319.1572,-0.0216856,76.56663,0.02791029,312.8234,-0.0006186598,312.4453,0.01952489,419.3409,-0.03148589,271.8024
2020.02,-0.06057435,533.9968,-0.08455028,257.4114,0.06449609,210.6071,-0.1199042,205.1246,-0.08214617,298.4088,-0.1528819,129.9919,-0.09900137,271.8172,-0.06586667,291.5487,-0.1124832,56.70585,-0.02770406,301.3865,-0.07921245,279.7745,-0.07256231,381.6563,-0.117514,228.1104
2020.03,-0.07483008,486.5548,-0.1267615,212.1054,0.06396298,230.4745,-0.3297004,104.5249,-0.06070008,274.2253,-0.3580737,47.63787,-0.1925287,200.2317,-0.0435157,274.5102,-0.216999,22.70084,-0.1328687,248.0548,-0.148794,223.2663,-0.1007958,333.1074,-0.2093869,159.4084
2020.04,0.1521876,575.8211,0.1338405,253.8777,0.01222179,234.5135,0.2113824,147.7579,0.07570506,302.5561,0.3369,97.37707,0.09656899,229.2248,0.1313391,323.698,0.1039025,35.44977,0.1118021,286.9681,0.1393387,268.3098,0.1430141,395.0478,0.2063025,212.925
2020.05,0.06600899,620.4314,0.04815202,270.9177,-0.01747438,228.668,0.06879186,164.8016,0.01664942,309.2584,0.01999996,101.3246,0.05388597,246.9654,0.03288883,337.633,0.02720481,39.13465,0.02565874,296.8972,0.03512305,281.246,0.0570805,423.3054,0.01832469,218.6593
2020.06,0.06102166,664.3933,0.01477815,276.3991,0.003378341,229.7784,0.03139738,173.1157,-0.009961105,305.1818,-0.02347768,96.59797,0.01522067,252.2465,-0.02854097,325.1425,-0.0115335,37.52994,0.01738786,303.7984,0.005809216,283.4608,0.03789991,443.1386,-0.01671939,213.3315
2020.07,0.07533184,721.9765,0.06293178,300.0866,0.04446891,244.4433,0.03500772,182.6768,0.0775682,336.611,-0.03587779,89.54447,0.04874029,269.4151,0.05902917,350.2383,0.04508594,43.73061,0.03973832,319.8446,0.04580956,301.0269,0.06913181,480.6868,0.02084521,219.8629
2020.08,0.1094473,811.9396,0.07000797,328.0958,-0.05040826,227.0805,0.07058805,202.6304,0.04593298,356.6658,-0.01054661,87.54542,0.08476226,300.7275,0.0258694,361.8857,0.04286307,49.89135,0.0100899,324.0808,0.04316847,318.3386,0.08972766,532.7905,0.01769318,225.5223
2020.09,-0.05778612,759.2421,-0.04193622,310.1431,0.007716788,229.6045,-0.0425825,189.7437,-0.02256781,346.3599,-0.1598879,57.55918,-0.01066687,296.453,-0.02567873,350.0251,-0.03950508,43.96988,-0.01743285,316.6879,-0.04365494,300.0761,-0.04986117,501.2388,-0.09122785,195.8256
2020.10,-0.03044901,733.0791,-0.02068531,301.6592,-0.03376196,218.4764,0.06599735,208.866,-0.02292152,336.1286,-0.02529208,53.57418,-0.01058889,292.255,-0.03238329,335.4518,-0.00327239,43.49875,0.0161177,323.4039,-0.01259523,295.037,-0.02556716,485.8668,-0.0241068,188.6942
2020.11,0.1122576,826.5985,0.1089676,345.427,0.0166004,223.7633,0.2113053,274.131,0.07468694,368.7017,0.279944,96.56635,0.1602742,355.1234,0.07948071,370.0618,0.1684826,67.6758,0.1139528,371.652,0.1346666,348.2353,0.1106126,550.6711,0.1773155,239.8842
2020.12,0.04712643,870.2658,0.03322148,360.2248,-0.01325231,219.4726,0.08777772,306.9714,0.008070291,372.4843,0.03101223,102.6623,0.005907054,357.8118,0.03371611,385.9105,0.05738882,77.29851,0.0372627,389.2271,0.03232976,362.7267,0.04017396,576.8111,0.01954126,246.5259
2021.01,0.004431024,874.565,-0.005955818,357.4837,-0.03433865,208.5024,0.0045293,308.8147,-0.04185961,352.7063,0.0513427,113.0675,-0.0387277,340.0818,0.01819715,394.7526,-0.01271079,75.04491,-0.01490467,381.9353,-0.006121377,359.8942,-0.0007623967,576.2951,0.004741546,248.169
2021.02,-0.001335486,873.2635,0.02758935,370.1054,-0.05842125,190.4793,0.1456212,368.3468,-0.01232632,347.1261,0.2245674,160.9156,0.06889233,370.4001,-0.02103794,384.3441,0.1160622,95.36101,0.04359998,402.9477,0.05440128,384.913,0.01312693,585.1728,0.1061205,285.1169
2021.03,0.01588469,888.7235,0.04204104,389.8691,-0.05249388,175.2309,0.06933336,400.8188,0.07914684,382.5147,0.01889929,165.8467,0.08652481,411.1013,0.03667506,402.1074,0.05385315,105.8818,0.008419743,407.1824,0.03887382,403.7634,0.02896287,605.0173,0.04902306,303.9965
2021.04,0.06043583,948.4778,0.05648803,417.5409,0.02478261,182.0518,0.06816302,434.9561,0.02409962,394.1431,0.01740786,170.4745,0.03853451,430.7964,0.04292545,423.6606,0.06962435,120.2162,0.04647281,430.7525,0.04471792,426.2907,0.05846193,646.234,0.02075374,312.381
2021.05,-0.01201213,935.8834,0.006612879,420.9633,-7.700843e-05,182.0301,0.0365758,454.5226,0.01767739,402.8783,0.05709665,185.9177,0.0312959,447.4081,0.01870934,433.4579,0.04771092,130.7229,0.0182494,440.4385,0.02262108,438.1959,-0.002699626,644.2195,0.03738702,327.7986
2021.06,0.06139008,999.4764,0.01961331,431.1811,0.04421915,194.5013,-0.03078082,437.4539,-0.01186274,396.9128,0.03179468,195.0084,-0.02587523,433.2438,0.01901291,443.6005,-0.03421937,122.8277,0.006719163,444.0697,0.008143552,442.5787,0.0405017,674.3616,0.009965969,332.0621
2021.07,0.02980249,1032.243,0.02735038,445.7091,0.03730708,205.4882,-0.03640595,417.8874,0.02864793,411.1483,-0.0737933,173.2387,0.01256704,439.9451,0.0533203,472.5855,-0.0006905193,122.6739,0.0004505658,444.3149,0.008678384,447.2874,0.02857643,696.4901,-0.02257268,322.3093
2021.08,0.04218671,1080.009,0.03022259,462.2019,-0.003317376,204.4748,0.001607818,418.7201,0.01048792,416.5092,-0.02004448,167.7618,0.01112609,445.9526,0.02315559,485.844,0.05147847,134.1368,-0.0008547791,443.8496,0.01632259,456.2206,0.03620465,725.3268,-0.004778279,320.2914
2021.09,-0.05787606,1011.715,-0.05045074,433.8384,-0.02912062,195.6083,0.0144463,426.2137,-0.04732924,392.0632,0.07623958,188.1758,-0.0638216,411.109,-0.05850161,451.5712,-0.02265621,128.8321,-0.007337163,439.8593,-0.02656336,441.4455,-0.0541634,680.6242,0.01445517,326.3667
2021.10,0.07983594,1100.47,0.07410098,473.3963,0.02465174,202.8956,0.03876571,446.6127,0.04145971,412.464,0.1166868,221.8022,0.07141731,447.6111,0.0549215,481.8643,0.07738615,146.5406,0.03170873,456.9776,0.06435843,476.2921,0.07696846,740.7077,0.07907325,360.081
2021.11,0.01996837,1124.441,-0.007288521,469.2171,0.02770951,211.2887,-0.04722003,420.8016,-0.01347371,405.5592,-0.05011322,205.6756,-0.03560157,428.1153,-0.03056326,464.0807,-0.05712857,132.456,-0.009755259,451.5441,-0.02152344,463.8883,0.006339925,746.0377,-0.03179347,345.4534
2021.12,0.01023323,1136.971,0.04230483,493.2978,-0.02118261,204.6948,-0.1990408,317.1409,0.09702674,454.612,0.01666966,210.7711,0.05001512,454.529,0.08602469,512.6055,0.02871419,139.1308,-0.1101117,390.8126,0.01230723,470.8282,0.02626903,768.2623,0.0568482,370.7766
2022.01,-0.08630465,1030.215,-0.04986248,463.7145,-0.03688721,193.4554,0.3137758,448.0296,-0.008030257,450.1583,0.203127,273.8971,-0.04432447,429.9498,-0.06498467,472.7956,0.005048465,140.3381,0.1384443,458.7628,0.02572862,485.5148,-0.06808357,709.1479,0.09754839,416.7001
2022.02,-0.04475972,979.6266,-0.02888622,447.4309,-0.01769771,188.2619,0.06218653,482.1096,-0.01408458,442.4095,0.07069194,300.3286,-0.008437574,425.4783,-0.009677629,467.2523,-0.01382509,137.0154,0.02224441,471.1922,-0.0004988968,485.2227,-0.03682297,679.3527,0.02830368,431.3246
2022.03,0.04538649,1028.627,0.03412198,466.1103,-0.05437967,172.5863,0.0283286,498.6,0.01321742,449.5788,0.08302634,333.5665,0.03093407,441.7335,0.05409383,497.9371,-0.005191887,135.7848,-0.01302553,463.7521,0.02550413,500.1483,0.03975423,710.3353,0.04812188,456.893
2022.04,-0.1348892,876.3874,-0.08542501,417.7503,-0.09442623,146.847,-0.08172645,449.6785,0.02770032,464.8023,-0.007471923,330.3269,-0.07305775,402.1557,-0.04594203,470.4667,-0.09590237,113.1725,-0.08807634,414.0989,-0.0656823,460.7292,-0.1101571,621.0711,0.0101142,462.5255
2022.05,-0.01586605,860.896,0.003167646,419.3904,-0.0226994,141.2438,0.04200007,472.7651,-0.04082928,441.7418,0.1603458,399.328,-0.004624857,399.8333,0.01488997,478.9609,0.02781825,119.1026,0.009650335,419.0601,0.01824469,470.9595,-0.006349201,616.4928,0.05975827,496.141
2022.06,-0.09082649,773.6212,-0.08609921,374.6713,-0.01282132,138.1507,-0.1209214,403.5055,-0.03075083,425.0828,-0.1799311,309.4834,-0.07771899,360.9867,-0.03017468,461.4909,-0.1133353,94.27053,-0.06687135,384.3499,-0.0825088,423.8503,-0.08846285,553.1098,-0.1053409,433.343
2022.07,0.1276809,885.166,0.09605997,420.2682,0.02410471,143.8913,0.08187778,444.7314,0.03975282,445.9563,0.1089277,354.0875,0.09983847,407.0109,0.03679774,482.1525,0.07757359,109.3408,0.05299125,410.0162,0.07695708,464.1643,0.1118705,626.1735,0.07434026,472.9918
2022.08,-0.05132184,834.6054,-0.04127649,398.7933,-0.04537572,132.8245,-0.02119075,433.1882,-0.01852603,435.8419,0.02652376,366.1316,-0.02833533,392.6446,-0.05770397,448.56,-0.01957862,105.2422,-0.03328323,393.0412,-0.02853166,448.0678,-0.04629916,592.5523,0.003998868,475.2832
2022.09,-0.1069602,734.6398,-0.0970087,350.406,-0.0826228,113.5879,-0.1061855,376.5713,-0.08726566,389.0813,-0.1053416,317.0285,-0.1085765,339.155,-0.02925637,432.5111,-0.08139187,88.53714,-0.09440414,346.496,-0.08940103,399.07,-0.1019845,521.9227,-0.09630365,419.8813
2022.10,0.04186732,769.5839,0.08682618,389.5131,-0.05990076,100.7938,0.163783,454.6256,0.09715525,436.5982,0.2632778,426.8229,0.1443946,402.5666,0.1004801,486.0179,0.1251235,112.1276,0.05194112,369.6875,0.1070008,452.4708,0.06434675,561.9414,0.1802165,513.5725
2022.11,0.05544149,817.795,0.05551972,416.6907,0.07143113,115.1368,0.06342911,489.805,0.06117682,469.4255,0.01277782,433.5545,0.07811346,441.8238,0.04723171,513.6966,0.06856978,126.6731,0.06743012,401.3586,0.05707678,484.0041,0.05548061,598.6663,0.03697732,536.2608
2022.12,-0.09230962,733.0737,-0.06134561,384.994,-0.028472,109.0114,-0.1947808,374.9223,-0.03420138,449.9504,-0.0403731,412.0133,-0.03450649,423.1274,-0.02280241,499.7028,-0.05811078,113.501,-0.1116264,345.3938,-0.06298914,447.2182,-0.07682762,544.9895,-0.03728724,512.5363
2023.01,0.1090784,823.944,0.06731991,417.6438,0.08160929,126.0686,0.3056066,520.0617,-0.00377222,447.8758,0.0387131,431.8349,0.04201318,445.1056,-0.01428521,491.1359,0.07570923,129.6649,0.193608,431.6255,0.07799914,489.9007,0.08819914,601.877,0.01747044,523.2376
2023.02,-0.003597986,820.6197,-0.02532381,404.535,-0.05094717,114.5511,-0.01702116,509.5075,-0.02318945,435.1709,-0.06938731,394.9323,-0.008640144,440.3958,-0.04641575,463.6979,-0.02297613,124.3881,-0.03398416,413.5587,-0.0297221,472.3676,-0.0144609,591.7272,-0.04628838,494.389
2023.03,0.09323466,906.4533,0.03294221,421.1555,0.04850712,124.9583,-0.06818194,467.9501,0.03720673,455.0829,-0.01027609,389.8463,0.002079847,441.5198,0.0180074,473.8486,-0.09994385,101.9619,-0.00983741,408.5066,0.005952899,475.7749,0.06308844,635.3672,0.01346532,502.3926
2023.04,0.006635053,913.1312,0.02025791,431.7131,0.00331212,125.7034,0,467.9501,0.04152417,478.1322,0.03849413,408.7026,-0.007607361,437.4002,0.03546133,494.1981,0.03684693,109.4036,0.00165606,409.3487,0.01943603,486.9657,0.01344648,645.2553,0.04000915,526.4938
2023.05,0.078838,993.0044,0.004237899,433.9664,-0.03014158,118.9004,-0.0383274,446.1821,-0.0615961,442.5215,-0.1003173,357.6709,-0.03150005,420.4721,-0.04268709,468.8335,-0.04250834,100.5022,-0.03423449,391.9114,-0.02933355,469.7479,0.04153795,676.2117,-0.08095668,475.775
2023.06,0.06158237,1060.314,0.06265647,467.4229,0.00203688,119.3463,0.115942,509.5075,0.02064137,453.7199,0.05979897,385.0392,0.1081053,476.7379,0.03833218,490.6381,0.06139791,112.8126,0.05898945,420.929,0.05894373,503.3309,0.06211942,724.4295,0.04022017,498.9327
2023.07,0.04002557,1106.756,0.0356904,487.6744,-0.02549142,113.7548,0.06926407,551.7245,0.02854779,469.5274,0.08723085,427.3495,0.03299992,495.7702,0.01485874,499.4143,0.05275965,124.0405,0.02188632,432.3302,0.03732062,525.8476,0.03785798,755.6407,0.05788932,533.6045
2023.08,-0.01483002,1088.86,-0.01627617,478.1093,-0.03146737,107.0285,-0.004048583,549.0859,-0.0394718,447.0471,0.01646094,436.0302,-0.01983333,483.9541,-0.007006885,495.2142,-0.0268893,118.0162,-0.01775798,422.8771,-0.01592917,515.8784,-0.0155531,742.3329,-0.01150543,526.3147
2023.09,-0.05217076,1026.836,-0.05138179,448.405,-0.07973455,90.52118,-0.04065041,522.7003,-0.05428826,417.3489,0.01653164,444.8917,-0.06329123,446.9949,-0.03355606,475.2412,-0.03519488,110.3432,-0.06019248,391.4039,-0.04374848,488.9346,-0.05177628,698.72,-0.01887831,514.4909
2023.10,-0.01923708,1005.159,-0.017623,438.7405,-0.05478968,80.08258,-0.05826271,486.4201,-0.007122522,413.6641,-0.0505736,417.3345,-0.0258365,432.8625,-0.02865603,458.7571,-0.0200587,106.124,-0.0565262,363.6267,-0.03135109,470.4709,-0.01843004,683.9996,-0.02884806,496.764
2023.11,0.1081882,1124.725,0.09163212,488.1064,0.09894682,97.90118,0.07986502,533.2546,0.04126149,434.8586,-0.007160527,413.6301,0.08834894,479.9403,0.05436003,489.1311,0.1093943,128.6728,0.08940592,405.0776,0.07387071,512.612,0.09991016,762.3291,0.01705048,506.9391
2023.12,0.05321086,1189.893,0.0419048,512.7509,0.0836555,114.4567,-0.001041667,532.5949,0.01938856,445.2287,-0.00874915,409.1363,0.06482945,517.5375,0.03861098,511.878,0.0473537,139.5013,0.04130692,425.9408,0.03768478,535.6981,0.04755783,803.3396,0.005319704,510.1679
